pose_id,approach,camera,image,state_shoulder_pan,state_shoulder_lift,state_elbow_flex,state_wrist_flex,state_wrist_roll,state_gripper
B0,,front-left,calibration\shots\2026-10-10_link_tilt\B0_start_front-left.png,0.405,-63.956,54.774,-1.128,-0.562,59.248
B0,,wrist,calibration\shots\2026-10-10_link_tilt\B0_start_wrist.png,0.405,-63.956,54.774,-1.128,-0.562,59.248
P00,traj,front-left,calibration\shots\2026-10-10_link_tilt\P00_traj_front-left.png,0.855,-64.884,55.018,-1.685,1.705,60.0
P00,traj,wrist,calibration\shots\2026-10-10_link_tilt\P00_traj_wrist.png,0.855,-64.884,55.018,-1.685,1.705,60.0
P00,from_plus,front-left,calibration\shots\2026-10-10_link_tilt\P00_from_plus_front-left.png,0.816,-64.933,55.429,-1.587,1.636,60.0
P00,from_plus,wrist,calibration\shots\2026-10-10_link_tilt\P00_from_plus_wrist.png,0.816,-64.933,55.429,-1.587,1.636,60.0
B0,,front-left,calibration\shots\2026-10-10_link_tilt\B0_start_front-left.png,-0.112,-64.864,55.409,-2.681,0.728,59.419
B0,,wrist,calibration\shots\2026-10-10_link_tilt\B0_start_wrist.png,-0.112,-64.864,55.409,-2.681,0.728,59.419
P00,traj,front-left,calibration\shots\2026-10-10_link_tilt\P00_traj_front-left.png,0.855,-64.845,55.067,-1.685,1.734,60.0
P00,traj,wrist,calibration\shots\2026-10-10_link_tilt\P00_traj_wrist.png,0.855,-64.845,55.067,-1.685,1.734,60.0
P00,from_plus,front-left,calibration\shots\2026-10-10_link_tilt\P00_from_plus_front-left.png,0.855,-64.933,55.438,-1.636,1.724,60.0
P00,from_plus,wrist,calibration\shots\2026-10-10_link_tilt\P00_from_plus_wrist.png,0.855,-64.933,55.438,-1.636,1.724,60.0
P00,from_minus,front-left,calibration\shots\2026-10-10_link_tilt\P00_from_minus_front-left.png,0.855,-65.568,54.969,-1.587,1.636,60.0
P00,from_minus,wrist,calibration\shots\2026-10-10_link_tilt\P00_from_minus_wrist.png,0.855,-65.568,54.969,-1.587,1.636,60.0
P01,traj,front-left,calibration\shots\2026-10-10_link_tilt\P01_traj_front-left.png,3.443,-60.977,45.836,-1.783,1.685,59.365
P01,traj,wrist,calibration\shots\2026-10-10_link_tilt\P01_traj_wrist.png,3.443,-60.977,45.836,-1.783,1.685,59.365
P02,traj,front-left,calibration\shots\2026-10-10_link_tilt\P02_traj_front-left.png,4.625,9.695,26.447,-42.457,2.125,50.623
P02,traj,wrist,calibration\shots\2026-10-10_link_tilt\P02_traj_wrist.png,4.625,9.695,26.447,-42.457,2.125,50.623
P03,traj,front-left,calibration\shots\2026-10-10_link_tilt\P03_traj_front-left.png,13.553,16.484,16.239,-51.306,1.685,50.623
P03,traj,wrist,calibration\shots\2026-10-10_link_tilt\P03_traj_wrist.png,13.553,16.484,16.239,-51.306,1.685,50.623
