step,phase,joint1,joint2,joint3,joint4,joint5,gripper_joint_1,tcp_x_pan,tcp_y_pan,tcp_z,cube_x_pan,cube_y_pan,cube_z,cube_edge
0,above,-0.03506,0.08028,0.25635,1.24183,-0.00014,0.99996,0.2023,-0.0087,0.1868,0.2417,-0.0236,0.0257,0.0515
1,above,-0.05886,0.17881,0.19143,1.21208,-4e-05,0.99972,0.2102,-0.014,0.1762,0.2417,-0.0236,0.0257,0.0515
2,above,-0.07235,0.27917,0.12037,1.18708,2e-05,0.99953,0.2178,-0.0174,0.1651,0.2417,-0.0236,0.0257,0.0515
3,above,-0.0796,0.37747,0.04711,1.16525,4e-05,0.99942,0.2248,-0.0196,0.154,0.2417,-0.0236,0.0257,0.0515
4,above,-0.08384,0.4584,-0.00386,1.13711,4e-05,0.99935,0.2295,-0.0209,0.1428,0.2417,-0.0236,0.0257,0.0515
5,above,-0.08641,0.52795,-0.03934,1.10464,4e-05,0.99932,0.2323,-0.0218,0.1316,0.2417,-0.0236,0.0257,0.0515
6,above,-0.088,0.59155,-0.06663,1.0697,3e-05,0.99929,0.2339,-0.0223,0.1204,0.2417,-0.0236,0.0257,0.0515
7,above,-0.08899,0.63978,-0.08437,1.04674,3e-05,0.9991,0.2338,-0.0225,0.1114,0.2417,-0.0236,0.0257,0.0515
8,above,-0.0896,0.67123,-0.09616,1.0329,2e-05,0.99897,0.2334,-0.0226,0.1056,0.2417,-0.0236,0.0257,0.0515
9,above,-0.08999,0.69009,-0.10468,1.02474,2e-05,0.99894,0.2334,-0.0227,0.1022,0.2417,-0.0236,0.0257,0.0515
10,above,-0.09023,0.70087,-0.11121,1.02004,2e-05,0.99897,0.2337,-0.0228,0.1005,0.2417,-0.0236,0.0257,0.0515
11,above,-0.09038,0.70691,-0.11633,1.01739,2e-05,0.99903,0.2342,-0.0229,0.0998,0.2417,-0.0236,0.0257,0.0515
12,above,-0.09047,0.71033,-0.1203,1.01592,1e-05,0.99909,0.2346,-0.0229,0.0995,0.2417,-0.0236,0.0257,0.0515
13,above,-0.09053,0.71233,-0.12329,1.01512,1e-05,0.99914,0.2351,-0.023,0.0994,0.2417,-0.0236,0.0257,0.0515
14,above,-0.09057,0.71357,-0.12549,1.01468,1e-05,0.99918,0.2354,-0.023,0.0994,0.2417,-0.0236,0.0257,0.0515
15,above,-0.09059,0.71437,-0.12705,1.01444,1e-05,0.99921,0.2356,-0.0231,0.0994,0.2417,-0.0236,0.0257,0.0515
16,above,-0.0906,0.71491,-0.12814,1.0143,1e-05,0.99923,0.2358,-0.0231,0.0994,0.2417,-0.0236,0.0257,0.0515
17,above,-0.09061,0.71529,-0.12887,1.01423,1e-05,0.99924,0.2359,-0.0231,0.0994,0.2417,-0.0236,0.0257,0.0515
18,above,-0.09062,0.71556,-0.12937,1.01418,1e-05,0.99925,0.2359,-0.0231,0.0994,0.2417,-0.0236,0.0257,0.0515
19,above,-0.09062,0.71575,-0.1297,1.01415,1e-05,0.99926,0.236,-0.0231,0.0994,0.2417,-0.0236,0.0257,0.0515
20,above,-0.09062,0.71587,-0.12991,1.01413,1e-05,0.99926,0.236,-0.0231,0.0994,0.2417,-0.0236,0.0257,0.0515
21,above,-0.09062,0.71596,-0.13005,1.01412,1e-05,0.99927,0.236,-0.0231,0.0994,0.2417,-0.0236,0.0257,0.0515
22,above,-0.09062,0.71602,-0.13015,1.01412,1e-05,0.99927,0.236,-0.0231,0.0994,0.2417,-0.0236,0.0257,0.0515
23,above,-0.09063,0.71606,-0.13021,1.01411,1e-05,0.99927,0.236,-0.0231,0.0994,0.2417,-0.0236,0.0257,0.0515
24,above,-0.09063,0.71609,-0.13025,1.01411,1e-05,0.99927,0.236,-0.0231,0.0994,0.2417,-0.0236,0.0257,0.0515
25,above,-0.09063,0.71611,-0.13027,1.01411,1e-05,0.99927,0.236,-0.0231,0.0994,0.2417,-0.0236,0.0257,0.0515
26,above,-0.09063,0.71612,-0.13029,1.01411,1e-05,0.99927,0.236,-0.0231,0.0994,0.2417,-0.0236,0.0257,0.0515
27,above,-0.09063,0.71613,-0.1303,1.01411,1e-05,0.99927,0.2361,-0.0231,0.0994,0.2417,-0.0236,0.0257,0.0515
28,above,-0.09063,0.71613,-0.13031,1.01411,1e-05,0.99927,0.2361,-0.0231,0.0994,0.2417,-0.0236,0.0257,0.0515
29,above,-0.09063,0.71614,-0.13032,1.01411,1e-05,0.99927,0.2361,-0.0231,0.0994,0.2417,-0.0236,0.0257,0.0515
30,above,-0.09063,0.71614,-0.13032,1.01411,1e-05,0.99927,0.2361,-0.0231,0.0994,0.2417,-0.0236,0.0257,0.0515
31,above,-0.09063,0.71614,-0.13032,1.01411,1e-05,0.99927,0.2361,-0.0231,0.0994,0.2417,-0.0236,0.0257,0.0515
32,above,-0.09063,0.71614,-0.13032,1.01411,1e-05,0.99927,0.2361,-0.0231,0.0994,0.2417,-0.0236,0.0257,0.0515
33,above,-0.09063,0.71614,-0.13033,1.01411,1e-05,0.99927,0.2361,-0.0231,0.0994,0.2417,-0.0236,0.0257,0.0515
34,above,-0.09063,0.71614,-0.13033,1.01411,1e-05,0.99927,0.2361,-0.0231,0.0994,0.2417,-0.0236,0.0257,0.0515
35,above,-0.09063,0.71614,-0.13033,1.01411,1e-05,0.99927,0.2361,-0.0231,0.0994,0.2417,-0.0236,0.0257,0.0515
36,above,-0.09063,0.71614,-0.13033,1.01411,1e-05,0.99927,0.2361,-0.0231,0.0994,0.2417,-0.0236,0.0257,0.0515
37,above,-0.09063,0.71614,-0.13033,1.01411,1e-05,0.99927,0.2361,-0.0231,0.0994,0.2417,-0.0236,0.0257,0.0515
38,above,-0.09063,0.71614,-0.13033,1.01411,1e-05,0.99927,0.2361,-0.0231,0.0994,0.2417,-0.0236,0.0257,0.0515
39,above,-0.09063,0.71614,-0.13033,1.01411,1e-05,0.99927,0.2361,-0.0231,0.0994,0.2417,-0.0236,0.0257,0.0515
40,descend,-0.09062,0.76141,-0.16234,0.98144,0.0,0.9998,0.2396,-0.0234,0.0927,0.2417,-0.0236,0.0257,0.0515
41,descend,-0.09062,0.81692,-0.18602,0.95124,0.0,0.9997,0.2393,-0.0234,0.0824,0.2417,-0.0236,0.0257,0.0515
42,descend,-0.09062,0.87728,-0.21327,0.92301,0.0,0.99957,0.2381,-0.0233,0.0714,0.2417,-0.0236,0.0257,0.0515
43,descend,-0.09062,0.9426,-0.24901,0.89756,0.0,0.99947,0.237,-0.0232,0.0602,0.2417,-0.0236,0.0257,0.0515
44,descend,-0.09062,1.01289,-0.2947,0.87588,1e-05,0.9994,0.2361,-0.0231,0.0489,0.2417,-0.0236,0.0257,0.0515
45,descend,-0.09062,1.08462,-0.34711,0.85961,1e-05,0.99932,0.2351,-0.023,0.0381,0.2417,-0.0236,0.0257,0.0515
46,descend,-0.09062,1.13741,-0.38317,0.85073,1e-05,0.99912,0.2331,-0.0228,0.0298,0.2417,-0.0236,0.0257,0.0515
47,descend,-0.09062,1.17199,-0.40765,0.84629,1e-05,0.999,0.2316,-0.0227,0.0245,0.2417,-0.0236,0.0257,0.0515
48,descend,-0.09062,1.19315,-0.42487,0.84437,1e-05,0.99897,0.231,-0.0226,0.0215,0.2417,-0.0236,0.0257,0.0515
49,descend,-0.09062,1.20554,-0.43749,0.84386,1e-05,0.999,0.2311,-0.0227,0.02,0.2417,-0.0236,0.0257,0.0515
50,descend,-0.09062,1.21266,-0.44699,0.84408,1e-05,0.99905,0.2317,-0.0227,0.0194,0.2417,-0.0236,0.0257,0.0515
51,descend,-0.09062,1.21682,-0.45419,0.84463,1e-05,0.99911,0.2323,-0.0228,0.0193,0.2417,-0.0236,0.0257,0.0515
52,descend,-0.09062,1.21934,-0.45956,0.84524,1e-05,0.99916,0.2329,-0.0228,0.0193,0.2417,-0.0236,0.0257,0.0515
53,descend,-0.09062,1.22096,-0.46346,0.84579,1e-05,0.9992,0.2333,-0.0229,0.0193,0.2417,-0.0236,0.0257,0.0515
54,descend,-0.09063,1.22209,-0.46622,0.84622,1e-05,0.99923,0.2336,-0.0229,0.0194,0.2417,-0.0236,0.0257,0.0515
55,descend,-0.09063,1.22289,-0.46812,0.84654,1e-05,0.99925,0.2339,-0.0229,0.0194,0.2417,-0.0236,0.0257,0.0515
56,descend,-0.09062,1.22348,-0.4694,0.84677,1e-05,0.99926,0.234,-0.0229,0.0194,0.2417,-0.0236,0.0257,0.0515
57,descend,-0.09062,1.22391,-0.47023,0.84692,1e-05,0.99927,0.2341,-0.0229,0.0194,0.2417,-0.0236,0.0257,0.0515
58,descend,-0.09062,1.22422,-0.47077,0.84701,1e-05,0.99927,0.2341,-0.0229,0.0194,0.2417,-0.0236,0.0257,0.0515
59,descend,-0.09063,1.22443,-0.47112,0.84708,1e-05,0.99927,0.2341,-0.0229,0.0194,0.2417,-0.0236,0.0257,0.0515
60,descend,-0.09063,1.22458,-0.47134,0.84712,1e-05,0.99928,0.2341,-0.0229,0.0194,0.2417,-0.0236,0.0257,0.0515
61,descend,-0.09063,1.22468,-0.47148,0.84714,1e-05,0.99928,0.2341,-0.0229,0.0194,0.2417,-0.0236,0.0257,0.0515
62,descend,-0.09063,1.22475,-0.47158,0.84716,1e-05,0.99928,0.2341,-0.0229,0.0194,0.2417,-0.0236,0.0257,0.0515
63,descend,-0.09063,1.22479,-0.47164,0.84717,1e-05,0.99928,0.2341,-0.0229,0.0194,0.2417,-0.0236,0.0257,0.0515
64,descend,-0.09063,1.22482,-0.47168,0.84718,1e-05,0.99928,0.2341,-0.0229,0.0194,0.2417,-0.0236,0.0257,0.0515
65,descend,-0.09063,1.22484,-0.47171,0.84719,1e-05,0.99928,0.2341,-0.0229,0.0194,0.2417,-0.0236,0.0257,0.0515
66,descend,-0.09063,1.22485,-0.47173,0.84719,1e-05,0.99928,0.2341,-0.0229,0.0194,0.2417,-0.0236,0.0257,0.0515
67,descend,-0.09063,1.22486,-0.47174,0.8472,1e-05,0.99928,0.2341,-0.0229,0.0194,0.2417,-0.0236,0.0257,0.0515
68,descend,-0.09063,1.22486,-0.47175,0.8472,1e-05,0.99928,0.2342,-0.0229,0.0194,0.2417,-0.0236,0.0257,0.0515
69,descend,-0.09063,1.22487,-0.47176,0.8472,1e-05,0.99928,0.2342,-0.0229,0.0194,0.2417,-0.0236,0.0257,0.0515
70,descend,-0.09063,1.22487,-0.47176,0.8472,1e-05,0.99928,0.2342,-0.0229,0.0194,0.2417,-0.0236,0.0257,0.0515
71,descend,-0.09063,1.22487,-0.47176,0.8472,1e-05,0.99928,0.2342,-0.0229,0.0194,0.2417,-0.0236,0.0257,0.0515
72,descend,-0.09062,1.22487,-0.47176,0.8472,1e-05,0.99928,0.2342,-0.0229,0.0194,0.2417,-0.0236,0.0257,0.0515
73,descend,-0.09062,1.22487,-0.47176,0.8472,1e-05,0.99928,0.2342,-0.0229,0.0194,0.2417,-0.0236,0.0257,0.0515
74,descend,-0.09062,1.22487,-0.47176,0.8472,1e-05,0.99928,0.2342,-0.0229,0.0194,0.2417,-0.0236,0.0257,0.0515
75,descend,-0.09062,1.22487,-0.47176,0.8472,1e-05,0.99928,0.2342,-0.0229,0.0194,0.2417,-0.0236,0.0257,0.0515
76,descend,-0.09062,1.22487,-0.47176,0.8472,1e-05,0.99928,0.2342,-0.0229,0.0194,0.2417,-0.0236,0.0257,0.0515
77,descend,-0.09062,1.22487,-0.47177,0.8472,1e-05,0.99928,0.2342,-0.0229,0.0194,0.2417,-0.0236,0.0257,0.0515
78,descend,-0.09062,1.22487,-0.47177,0.8472,1e-05,0.99928,0.2342,-0.0229,0.0194,0.2417,-0.0236,0.0257,0.0515
79,descend,-0.09062,1.22487,-0.47177,0.8472,1e-05,0.99928,0.2342,-0.0229,0.0194,0.2417,-0.0236,0.0257,0.0515
80,close,-0.09065,1.22427,-0.47243,0.84765,-0.0,0.67101,0.2344,-0.023,0.0196,0.2417,-0.0236,0.0257,0.0515
81,close,-0.08963,1.22125,-0.47344,0.8504,-0.00066,0.56808,0.235,-0.0228,0.0204,0.2415,-0.0242,0.0257,0.0515
82,close,-0.08897,1.21854,-0.47534,0.8526,-0.00089,0.51054,0.2358,-0.0227,0.0213,0.2413,-0.0252,0.0257,0.0515
83,close,-0.08877,1.21727,-0.47711,0.854,-0.00083,0.47642,0.2363,-0.0227,0.0218,0.2413,-0.0258,0.0258,0.0515
84,close,-0.08877,1.21747,-0.4776,0.85443,-0.00078,0.47631,0.2363,-0.0227,0.0218,0.2413,-0.0258,0.0258,0.0515
85,close,-0.0887,1.21762,-0.47787,0.85469,-0.00073,0.47589,0.2363,-0.0227,0.0218,0.2413,-0.0258,0.0258,0.0515
86,close,-0.08866,1.2177,-0.47804,0.85485,-0.00068,0.47576,0.2363,-0.0227,0.0218,0.2413,-0.0258,0.0258,0.0515
87,close,-0.08863,1.21776,-0.47816,0.85495,-0.00063,0.4757,0.2363,-0.0227,0.0218,0.2413,-0.0258,0.0258,0.0515
88,close,-0.08861,1.21779,-0.47822,0.85502,-0.00061,0.47554,0.2363,-0.0227,0.0218,0.2413,-0.0258,0.0258,0.0515
89,close,-0.08861,1.21781,-0.47826,0.85507,-0.00059,0.47566,0.2363,-0.0227,0.0218,0.2413,-0.0258,0.0258,0.0515
90,close,-0.0886,1.21782,-0.47828,0.85509,-0.00058,0.47557,0.2363,-0.0227,0.0218,0.2413,-0.0258,0.0258,0.0515
91,close,-0.0886,1.21783,-0.47829,0.85511,-0.00057,0.47556,0.2363,-0.0227,0.0218,0.2413,-0.0258,0.0258,0.0515
92,close,-0.08859,1.21784,-0.47831,0.85511,-0.00057,0.47553,0.2363,-0.0226,0.0218,0.2413,-0.0258,0.0258,0.0515
93,close,-0.08859,1.21784,-0.47831,0.85512,-0.00056,0.47552,0.2363,-0.0226,0.0218,0.2413,-0.0258,0.0258,0.0515
94,close,-0.08859,1.21784,-0.47832,0.85512,-0.00056,0.47551,0.2363,-0.0226,0.0218,0.2413,-0.0258,0.0258,0.0515
95,close,-0.08859,1.21785,-0.47832,0.85512,-0.00056,0.4755,0.2363,-0.0226,0.0218,0.2413,-0.0258,0.0258,0.0515
96,close,-0.08859,1.21785,-0.47832,0.85513,-0.00055,0.47552,0.2363,-0.0226,0.0218,0.2413,-0.0258,0.0258,0.0515
97,close,-0.08858,1.21785,-0.47832,0.85512,-0.00056,0.4755,0.2363,-0.0226,0.0218,0.2413,-0.0258,0.0258,0.0515
98,close,-0.08858,1.21785,-0.47832,0.85513,-0.00056,0.4755,0.2363,-0.0226,0.0218,0.2413,-0.0258,0.0258,0.0515
99,close,-0.08859,1.21785,-0.47832,0.85513,-0.00055,0.47551,0.2363,-0.0226,0.0218,0.2413,-0.0258,0.0258,0.0515
100,close,-0.08858,1.21785,-0.47832,0.85513,-0.00055,0.4755,0.2363,-0.0226,0.0218,0.2413,-0.0258,0.0258,0.0515
101,close,-0.08858,1.21785,-0.47832,0.85512,-0.00056,0.47549,0.2363,-0.0226,0.0218,0.2413,-0.0258,0.0258,0.0515
102,close,-0.08858,1.21785,-0.47832,0.85512,-0.00056,0.47549,0.2363,-0.0226,0.0218,0.2413,-0.0258,0.0258,0.0515
103,close,-0.08858,1.21785,-0.47832,0.85513,-0.00056,0.4755,0.2363,-0.0226,0.0218,0.2413,-0.0258,0.0258,0.0515
104,close,-0.08858,1.21785,-0.47832,0.85513,-0.00055,0.47551,0.2363,-0.0226,0.0218,0.2413,-0.0258,0.0258,0.0515
105,lift,-0.0889,1.1693,-0.41433,0.85314,-0.00054,0.43797,0.2329,-0.0224,0.0259,0.2397,-0.0263,0.0277,0.0515
106,lift,-0.08988,1.12253,-0.36647,0.85654,-0.00032,0.36238,0.2319,-0.0226,0.0314,0.2385,-0.0274,0.0305,0.0515
107,lift,-0.0906,1.07892,-0.32537,0.86239,-0.00021,0.3784,0.2311,-0.0227,0.0369,0.2379,-0.0265,0.0344,0.0515
108,lift,-0.09082,1.03824,-0.29062,0.86994,-0.00018,0.41392,0.2308,-0.0227,0.0425,0.2377,-0.0245,0.0396,0.0515
109,lift,-0.09075,0.99896,-0.26042,0.87937,-0.0002,0.4527,0.2308,-0.0227,0.0482,0.2379,-0.0223,0.0453,0.0515
110,lift,-0.0905,0.9609,-0.23421,0.89055,-0.00029,0.48307,0.2311,-0.0226,0.0541,0.2382,-0.0209,0.0512,0.0515
111,lift,-0.09023,0.92389,-0.21084,0.90327,-0.00038,0.48812,0.2314,-0.0226,0.06,0.2386,-0.0207,0.0572,0.0515
112,lift,-0.09007,0.88767,-0.18978,0.91764,-0.0004,0.46688,0.2318,-0.0226,0.0661,0.2388,-0.0217,0.0632,0.0515
113,lift,-0.09012,0.85257,-0.17104,0.93322,-0.00041,0.43284,0.2321,-0.0226,0.0721,0.239,-0.0234,0.0691,0.0515
114,lift,-0.09036,0.81861,-0.15442,0.95003,-0.00034,0.40154,0.2324,-0.0227,0.0781,0.239,-0.0251,0.0752,0.0515
115,lift,-0.09082,0.78535,-0.13948,0.96831,-0.00026,0.38936,0.2325,-0.0228,0.0841,0.2391,-0.0259,0.0812,0.0515
116,lift,-0.09112,0.75333,-0.12689,0.9876,-0.00018,0.40185,0.2327,-0.0229,0.0901,0.2394,-0.0253,0.0871,0.0515
117,lift,-0.09105,0.72276,-0.11662,1.00772,-0.0002,0.4264,0.233,-0.0229,0.096,0.2398,-0.0239,0.093,0.0515
118,lift,-0.09091,0.6929,-0.1081,1.02906,-0.00022,0.44948,0.2331,-0.0229,0.102,0.24,-0.0225,0.099,0.0515
119,lift,-0.09065,0.66432,-0.10156,1.05122,-0.00033,0.46502,0.2333,-0.0229,0.108,0.2403,-0.0216,0.105,0.0515
120,lift,-0.09037,0.63701,-0.09722,1.07423,-0.00037,0.46232,0.2335,-0.0228,0.1139,0.2404,-0.0217,0.1109,0.0515
121,lift,-0.09034,0.61081,-0.09482,1.09784,-0.00038,0.44728,0.2337,-0.0228,0.1199,0.2405,-0.0226,0.1168,0.0515
122,lift,-0.09042,0.58471,-0.09223,1.11997,-0.00036,0.43174,0.2338,-0.0229,0.1258,0.2405,-0.0235,0.1227,0.0515
123,lift,-0.09059,0.56416,-0.09236,1.13528,-0.00032,0.41788,0.2345,-0.023,0.1307,0.2411,-0.0244,0.1277,0.0515
124,lift,-0.09074,0.55078,-0.09411,1.14458,-0.00027,0.41022,0.2353,-0.0231,0.1341,0.2419,-0.0249,0.1312,0.0515
125,lift,-0.0909,0.54328,-0.09599,1.15031,-0.00025,0.41461,0.2358,-0.0232,0.1362,0.2424,-0.0247,0.1333,0.0515
126,lift,-0.09087,0.53999,-0.09746,1.15398,-0.00025,0.42704,0.236,-0.0232,0.1372,0.2427,-0.0241,0.1343,0.0515
127,lift,-0.09082,0.53886,-0.09801,1.15707,-0.00027,0.43682,0.2359,-0.0231,0.1375,0.2426,-0.0235,0.1346,0.0515
128,lift,-0.0908,0.53928,-0.09844,1.1594,-0.00029,0.44978,0.2357,-0.0231,0.1375,0.2425,-0.0227,0.1345,0.0515
129,lift,-0.09066,0.54026,-0.09882,1.16149,-0.00034,0.45842,0.2354,-0.0231,0.1373,0.2422,-0.0222,0.1344,0.0515
130,lift,-0.09052,0.54139,-0.09935,1.16332,-0.00037,0.45807,0.2352,-0.023,0.1372,0.242,-0.0221,0.1342,0.0515
131,lift,-0.0905,0.54245,-0.10002,1.16504,-0.00038,0.4512,0.235,-0.023,0.137,0.2417,-0.0225,0.134,0.0515
132,lift,-0.09059,0.54339,-0.10085,1.16668,-0.00037,0.44323,0.2348,-0.023,0.1369,0.2416,-0.023,0.1339,0.0515
133,lift,-0.09068,0.54427,-0.1019,1.16817,-0.00037,0.43959,0.2347,-0.023,0.1369,0.2414,-0.0232,0.1338,0.0515
134,lift,-0.09076,0.54506,-0.10303,1.16963,-0.00035,0.44004,0.2347,-0.023,0.1368,0.2414,-0.0232,0.1338,0.0515
135,lift,-0.09079,0.54582,-0.10422,1.17104,-0.00035,0.44395,0.2347,-0.023,0.1368,0.2414,-0.023,0.1338,0.0515
136,lift,-0.09075,0.54652,-0.10546,1.17242,-0.00035,0.44822,0.2347,-0.023,0.1368,0.2414,-0.0227,0.1338,0.0515
137,lift,-0.09071,0.54725,-0.10671,1.17376,-0.00036,0.45173,0.2347,-0.023,0.1369,0.2414,-0.0225,0.1338,0.0515
138,lift,-0.09063,0.54801,-0.10801,1.17506,-0.00038,0.45082,0.2347,-0.023,0.1369,0.2414,-0.0225,0.1338,0.0515
139,lift,-0.09064,0.54878,-0.1093,1.17636,-0.00037,0.44787,0.2347,-0.023,0.1369,0.2414,-0.0227,0.1338,0.0515
140,over_arm,-0.12607,0.51351,-0.08006,1.24172,-0.00083,0.5721,0.2246,-0.0301,0.1416,0.2359,-0.0242,0.1367,0.0515
141,over_arm,-0.16879,0.47265,-0.05149,1.30693,-0.00085,0.65923,0.2147,-0.0383,0.1479,0.2277,-0.0284,0.1426,0.0515
142,over_arm,-0.21488,0.43177,-0.02639,1.36993,-0.00094,0.68051,0.205,-0.0464,0.1547,0.2179,-0.0355,0.1493,0.0515
143,over_arm,-0.2645,0.39232,-0.00395,1.43058,-0.00107,0.64555,0.1954,-0.0546,0.1617,0.2074,-0.045,0.1553,0.0515
144,over_arm,-0.31797,0.35491,0.01561,1.48851,-0.0011,0.58005,0.1857,-0.0629,0.1686,0.1966,-0.0568,0.1613,0.0515
145,over_arm,-0.36333,0.31775,0.03389,1.54704,-0.00083,0.48654,0.1763,-0.0688,0.1757,0.1851,-0.0683,0.1675,0.0515
146,over_arm,-0.40125,0.28097,0.05195,1.60692,-0.00058,0.38372,0.1671,-0.0727,0.1829,0.1731,-0.0782,0.1743,0.0515
147,over_arm,-0.43485,0.2445,0.07139,1.65342,-0.00026,0.29065,0.1592,-0.0758,0.1894,0.1625,-0.0866,0.1811,0.0515
148,over_arm,-0.46517,0.20814,0.09012,1.68435,6e-05,0.21574,0.1531,-0.0787,0.1951,0.1539,-0.0938,0.1874,0.0515
149,over_arm,-0.49209,0.17149,0.10861,1.70506,0.00035,0.16403,0.1481,-0.0813,0.2003,0.1472,-0.0992,0.1933,0.0515
150,over_arm,-0.51581,0.13428,0.1265,1.71863,0.00058,0.14562,0.144,-0.0835,0.2052,0.1422,-0.1026,0.1986,0.0515
151,over_arm,-0.53664,0.09613,0.14397,1.72768,0.00073,0.15751,0.1404,-0.0855,0.21,0.1386,-0.1039,0.2032,0.0515
152,over_arm,-0.55503,0.05713,0.1613,1.73372,0.00078,0.20145,0.1373,-0.0871,0.2147,0.1364,-0.1031,0.2072,0.0515
153,over_arm,-0.57145,0.01724,0.17842,1.73785,0.00076,0.27527,0.1345,-0.0884,0.2193,0.1355,-0.1004,0.2109,0.0515
154,over_arm,-0.5863,-0.02341,0.1952,1.74055,0.00061,0.37461,0.1318,-0.0895,0.2239,0.136,-0.0963,0.2148,0.0515
155,over_arm,-0.59983,-0.065,0.21159,1.74249,0.00034,0.4847,0.1293,-0.0904,0.2286,0.1373,-0.0916,0.2194,0.0515
156,over_arm,-0.61238,-0.10761,0.22724,1.74372,-0.0,0.58834,0.1269,-0.0912,0.2334,0.1389,-0.0876,0.225,0.0515
157,over_arm,-0.62403,-0.15187,0.24146,1.74455,-0.00043,0.66745,0.1247,-0.0918,0.2385,0.1393,-0.0853,0.2311,0.0515
158,over_arm,-0.63484,-0.19768,0.2541,1.74521,-0.00078,0.69151,0.1226,-0.0924,0.2439,0.1382,-0.0853,0.2371,0.0515
159,over_arm,-0.64265,-0.24425,0.26379,1.74533,-0.00104,0.65163,0.121,-0.0926,0.2497,0.1356,-0.0874,0.2427,0.0515
160,over_arm,-0.64808,-0.29097,0.27088,1.74533,-0.00112,0.55964,0.1196,-0.0927,0.2557,0.1314,-0.0914,0.2482,0.0515
161,over_arm,-0.65216,-0.33765,0.27588,1.74533,-0.00097,0.46007,0.1184,-0.0925,0.2621,0.1267,-0.0963,0.2543,0.0515
162,over_arm,-0.65516,-0.38442,0.27867,1.74533,-0.00072,0.36687,0.1172,-0.0922,0.2686,0.1222,-0.1008,0.2614,0.0515
163,over_arm,-0.65734,-0.43104,0.27865,1.74533,-0.00039,0.29319,0.1161,-0.0917,0.2756,0.1185,-0.1042,0.2693,0.0515
164,over_arm,-0.65891,-0.47761,0.27604,1.74533,-6e-05,0.24899,0.115,-0.0911,0.2828,0.1158,-0.106,0.2776,0.0515
165,over_arm,-0.66003,-0.52372,0.27099,1.74533,0.00025,0.23684,0.1138,-0.0904,0.2904,0.1144,-0.1059,0.2858,0.0515
166,over_arm,-0.66082,-0.5688,0.26336,1.74533,0.00046,0.25843,0.1125,-0.0895,0.2982,0.1139,-0.1041,0.2937,0.0515
167,over_arm,-0.6614,-0.61212,0.25356,1.74533,0.00053,0.30977,0.111,-0.0885,0.3061,0.1148,-0.1008,0.3016,0.0515
168,over_arm,-0.66176,-0.65321,0.24169,1.74533,0.00044,0.38427,0.1095,-0.0874,0.3139,0.1163,-0.0961,0.3094,0.0515
169,over_arm,-0.66192,-0.69136,0.22809,1.74533,0.00019,0.46486,0.1078,-0.0861,0.3217,0.118,-0.0909,0.3175,0.0515
170,over_arm,-0.66197,-0.72617,0.2125,1.74533,-0.00019,0.54779,0.1061,-0.0848,0.3292,0.1193,-0.0856,0.3259,0.0515
171,over_arm,-0.66203,-0.75753,0.19512,1.74533,-0.00057,0.61255,0.1044,-0.0834,0.3366,0.1199,-0.0811,0.3343,0.0515
172,over_arm,-0.66185,-0.78505,0.1761,1.74533,-0.00098,0.65242,0.1026,-0.082,0.3437,0.1194,-0.0778,0.3424,0.0515
173,over_arm,-0.66168,-0.80874,0.15575,1.74533,-0.00129,0.65172,0.1009,-0.0807,0.3505,0.1177,-0.0765,0.3495,0.0515
174,over_arm,-0.66166,-0.8283,0.13499,1.74045,-0.00144,0.61588,0.0997,-0.0797,0.3571,0.1154,-0.0772,0.3562,0.0515
175,over_arm,-0.66174,-0.84373,0.11392,1.73033,-0.00141,0.56441,0.099,-0.0792,0.3635,0.1131,-0.0793,0.3627,0.0515
176,over_arm,-0.66181,-0.85603,0.09298,1.71678,-0.00127,0.50977,0.0987,-0.079,0.3698,0.1108,-0.0819,0.3692,0.0515
177,over_arm,-0.66186,-0.86584,0.07222,1.70058,-0.00107,0.45243,0.0986,-0.0789,0.376,0.1086,-0.0847,0.3759,0.0515
178,over_arm,-0.66194,-0.87369,0.05162,1.68241,-0.0008,0.39815,0.0986,-0.0789,0.3822,0.1065,-0.0874,0.3826,0.0515
179,over_arm,-0.66205,-0.87992,0.03129,1.6628,-0.0005,0.35409,0.0987,-0.079,0.3883,0.1048,-0.0896,0.3893,0.0515
180,over_arm,-0.66214,-0.88483,0.01127,1.64201,-0.00026,0.32711,0.0989,-0.0792,0.3944,0.1037,-0.0909,0.396,0.0515
181,over_arm,-0.66221,-0.88859,-0.0086,1.6202,-5e-05,0.31668,0.0991,-0.0793,0.4005,0.1034,-0.0915,0.4027,0.0515
182,over_arm,-0.66227,-0.89122,-0.02815,1.59755,9e-05,0.32312,0.0993,-0.0795,0.4065,0.1038,-0.0914,0.4092,0.0515
183,over_arm,-0.66233,-0.89274,-0.04747,1.57408,0.00016,0.34538,0.0995,-0.0797,0.4125,0.1049,-0.0905,0.4156,0.0515
184,over_arm,-0.66236,-0.89316,-0.06653,1.54987,0.00016,0.38153,0.0997,-0.0799,0.4185,0.1065,-0.0889,0.4219,0.0515
185,drop_point,-0.74,-0.89614,-0.08397,1.53024,0.00074,0.53423,0.0929,-0.087,0.4241,0.1052,-0.0892,0.4279,0.0515
186,drop_point,-0.81998,-0.89639,-0.10207,1.50593,0.00061,0.6449,0.0856,-0.0942,0.43,0.1019,-0.0919,0.4347,0.0515
187,drop_point,-0.90025,-0.89302,-0.11856,1.48134,-0.00016,0.71829,0.0782,-0.1012,0.4353,0.0972,-0.0966,0.4407,0.0515
188,drop_point,-0.97954,-0.88495,-0.13145,1.45768,-0.00079,0.77373,0.0708,-0.1085,0.4392,0.0914,-0.1031,0.4448,0.0515
189,drop_point,-1.05685,-0.87288,-0.14061,1.43481,-0.00121,0.77383,0.0635,-0.1159,0.4418,0.0852,-0.1114,0.447,0.0515
190,drop_point,-1.13128,-0.85591,-0.14732,1.41128,-0.00141,0.76148,0.0564,-0.1237,0.4433,0.0778,-0.1213,0.4484,0.0515
191,drop_point,-1.20212,-0.83414,-0.15281,1.38584,-0.00162,0.7246,0.0492,-0.132,0.4441,0.069,-0.1324,0.449,0.0515
192,drop_point,-1.26896,-0.80785,-0.15805,1.35778,-0.00167,0.67999,0.0421,-0.1407,0.4444,0.0595,-0.1438,0.449,0.0515
193,drop_point,-1.33135,-0.77737,-0.16368,1.32664,-0.00168,0.6306,0.0349,-0.1498,0.4443,0.0493,-0.1552,0.4487,0.0515
194,drop_point,-1.38928,-0.74296,-0.17026,1.29219,-0.00157,0.57915,0.0275,-0.1591,0.444,0.0386,-0.1664,0.4482,0.0515
195,drop_point,-1.44283,-0.70488,-0.17836,1.25425,-0.00139,0.52585,0.02,-0.1687,0.4435,0.0275,-0.1773,0.4476,0.0515
196,drop_point,-1.48368,-0.66277,-0.1885,1.21207,-0.00114,0.45428,0.0139,-0.1785,0.4429,0.0166,-0.188,0.447,0.0515
197,drop_point,-1.51101,-0.61704,-0.2008,1.1663,-0.00079,0.36621,0.0096,-0.1886,0.4422,0.0065,-0.1983,0.4464,0.0515
198,drop_point,-1.52912,-0.56865,-0.21533,1.11788,-0.00036,0.27446,0.0066,-0.1989,0.4413,-0.0025,-0.208,0.4458,0.0515
199,drop_point,-1.54147,-0.51828,-0.23186,1.0673,-0.0001,0.19661,0.0045,-0.2094,0.4404,-0.0096,-0.2174,0.4452,0.0515
200,drop_point,-1.54971,-0.4662,-0.25105,1.01444,0.00024,0.14436,0.003,-0.2199,0.4395,-0.0144,-0.2269,0.4446,0.0515
201,drop_point,-1.55494,-0.41229,-0.27301,0.95935,0.00073,0.11186,0.002,-0.2304,0.4387,-0.0174,-0.2367,0.444,0.0515
202,drop_point,-1.55838,-0.36369,-0.29241,0.91234,0.00112,0.10204,0.0013,-0.2398,0.4373,-0.0188,-0.2457,0.4426,0.0515
203,drop_point,-1.56071,-0.32859,-0.30469,0.88127,0.00135,0.1221,0.0008,-0.2465,0.4352,-0.0181,-0.2528,0.4404,0.0515
204,drop_point,-1.56226,-0.30557,-0.31192,0.86147,0.00148,0.16996,0.0005,-0.2509,0.4335,-0.0154,-0.2581,0.4383,0.0515
205,drop_point,-1.56329,-0.29145,-0.31639,0.84888,0.00146,0.24389,0.0003,-0.2536,0.4325,-0.011,-0.2618,0.4371,0.0515
206,drop_point,-1.56395,-0.28359,-0.31961,0.84059,0.00121,0.3366,0.0001,-0.255,0.4322,-0.0053,-0.2643,0.4365,0.0515
207,drop_point,-1.56434,-0.27949,-0.32203,0.83494,0.00078,0.44341,0.0,-0.2558,0.4324,0.0013,-0.2653,0.4366,0.0515
208,drop_point,-1.56456,-0.2777,-0.32401,0.83094,0.00033,0.55594,-0.0001,-0.2561,0.4329,0.0084,-0.2652,0.4373,0.0515
209,drop_point,-1.56426,-0.27722,-0.32565,0.82784,-7e-05,0.65865,0.0,-0.2562,0.4335,0.0147,-0.2641,0.4382,0.0515
210,drop_point,-1.5638,-0.27777,-0.32707,0.82544,-0.00037,0.73074,0.0001,-0.256,0.4343,0.0191,-0.2628,0.4392,0.0515
211,drop_point,-1.5638,-0.27867,-0.32832,0.82342,-0.00097,0.77678,0.0001,-0.2558,0.435,0.0218,-0.2617,0.4402,0.0515
212,drop_point,-1.56405,-0.27955,-0.32927,0.82172,-0.00156,0.80745,0.0001,-0.2556,0.4357,0.0235,-0.2609,0.441,0.0515
213,drop_point,-1.56423,-0.28024,-0.32987,0.82026,-0.00199,0.82539,0.0,-0.2555,0.4362,0.0245,-0.2603,0.4415,0.0515
214,drop_point,-1.56433,-0.28077,-0.33006,0.81911,-0.00231,0.83276,0.0,-0.2554,0.4365,0.0249,-0.2601,0.4419,0.0515
215,drop_point,-1.56433,-0.28109,-0.33003,0.81807,-0.00249,0.82759,0.0,-0.2554,0.4367,0.0246,-0.2601,0.4421,0.0515
216,drop_point,-1.56432,-0.28131,-0.32978,0.8172,-0.00258,0.80952,0.0,-0.2554,0.4368,0.0236,-0.2605,0.4421,0.0515
217,drop_point,-1.5643,-0.28145,-0.32935,0.81645,-0.00259,0.77922,0.0,-0.2554,0.4368,0.0218,-0.2612,0.442,0.0515
218,drop_point,-1.56427,-0.28152,-0.3288,0.8158,-0.00253,0.73769,0.0,-0.2554,0.4368,0.0194,-0.262,0.4418,0.0515
219,drop_point,-1.56423,-0.28153,-0.32817,0.81521,-0.00239,0.6863,0.0,-0.2555,0.4367,0.0164,-0.263,0.4415,0.0515
220,drop_point,-1.56422,-0.28156,-0.32747,0.81465,-0.00218,0.62736,0.0,-0.2555,0.4366,0.0129,-0.2639,0.4412,0.0515
221,drop_point,-1.5642,-0.28154,-0.32669,0.81414,-0.00192,0.56248,0.0,-0.2556,0.4364,0.0089,-0.2646,0.441,0.0515
222,drop_point,-1.56435,-0.28148,-0.32592,0.81366,-0.00161,0.50081,-0.0,-0.2557,0.4363,0.005,-0.2651,0.4408,0.0515
223,drop_point,-1.56447,-0.28152,-0.32516,0.81321,-0.00128,0.4468,-0.0,-0.2557,0.4362,0.0015,-0.2653,0.4406,0.0515
224,drop_point,-1.56456,-0.28169,-0.32447,0.81276,-0.00094,0.40216,-0.0001,-0.2558,0.4361,-0.0013,-0.2653,0.4405,0.0515
225,drop_point,-1.56464,-0.28197,-0.32386,0.81229,-0.00063,0.36848,-0.0001,-0.2558,0.4361,-0.0035,-0.2652,0.4405,0.0515
226,drop_point,-1.56471,-0.28235,-0.32336,0.81178,-0.00035,0.34737,-0.0001,-0.2557,0.4361,-0.0049,-0.2651,0.4406,0.0515
227,drop_point,-1.56475,-0.28277,-0.32292,0.81125,-0.00014,0.3387,-0.0001,-0.2557,0.4361,-0.0054,-0.265,0.4406,0.0515
228,drop_point,-1.56479,-0.28321,-0.3225,0.81072,2e-05,0.34243,-0.0001,-0.2557,0.4362,-0.0052,-0.265,0.4407,0.0515
229,drop_point,-1.56482,-0.28356,-0.32208,0.81014,9e-05,0.35912,-0.0001,-0.2556,0.4363,-0.0041,-0.265,0.4407,0.0515
230,drop_point,-1.56485,-0.28387,-0.32165,0.80956,0.0001,0.3872,-0.0001,-0.2556,0.4363,-0.0024,-0.2651,0.4407,0.0515
231,drop_point,-1.56488,-0.28411,-0.32118,0.80898,3e-05,0.42582,-0.0001,-0.2556,0.4363,0.0001,-0.2652,0.4407,0.0515
232,drop_point,-1.56489,-0.28428,-0.32065,0.80841,-0.00011,0.47311,-0.0001,-0.2556,0.4363,0.0031,-0.2652,0.4407,0.0515
233,drop_point,-1.5649,-0.28441,-0.32009,0.80783,-0.00032,0.52708,-0.0001,-0.2557,0.4363,0.0065,-0.265,0.4407,0.0515
234,drop_point,-1.56484,-0.28446,-0.3194,0.80725,-0.00057,0.58511,-0.0001,-0.2557,0.4362,0.0101,-0.2646,0.4407,0.0515
235,drop_point,-1.56466,-0.28466,-0.31881,0.80668,-0.00087,0.63484,-0.0001,-0.2557,0.4361,0.0132,-0.264,0.4408,0.0515
236,drop_point,-1.56457,-0.28498,-0.31824,0.80612,-0.00117,0.67651,-0.0001,-0.2557,0.4361,0.0158,-0.2635,0.4409,0.0515
237,drop_point,-1.5645,-0.28537,-0.3177,0.80555,-0.00145,0.70852,-0.0,-0.2557,0.4362,0.0177,-0.2629,0.441,0.0515
238,drop_point,-1.56444,-0.28579,-0.31723,0.80492,-0.00168,0.73114,-0.0,-0.2557,0.4362,0.0191,-0.2625,0.4412,0.0515
239,drop_point,-1.5644,-0.28624,-0.31678,0.80428,-0.00187,0.74278,-0.0,-0.2556,0.4363,0.0197,-0.2622,0.4413,0.0515
